{"cameraMode":{"drawMode":0,"name":"Shaded","section":"Shading Mode"},"sceneLighting":false,"audioPlay":false,"sceneViewState":{"showFog":true,"showMaterialUpdate":false,"showSkybox":true,"showFlares":true,"showImageEffects":true,"showParticleSystems":true},"in2DMode":false,"pivot":{"x":-12.100964546203614,"y":-0.34783506393432619,"z":10.28116512298584},"rotation":{"x":0.034657832235097888,"y":0.9592229127883911,"z":-0.1352831870317459,"w":0.24574105441570283},"size":11.951833724975586,"orthographic":false}